INSERT INTO Акции ([Номер акции], Условие, [Акция(%)])
VALUES('00000000-0000-0000-0000-000000000001', 'Дисконтная карта базовая', 25)
INSERT INTO Акции ([Номер акции], Условие, [Акция(%)])
VALUES('00000000-0000-0000-0000-000000000002', 'Дисконтная карта +', 40)
INSERT INTO Акции ([Номер акции], Условие, [Акция(%)])
VALUES('00000000-0000-0000-0000-000000000003', 'Дисконтная карта ++', 45)
INSERT INTO Акции ([Номер акции], Условие, [Акция(%)])
VALUES('00000000-0000-0000-0000-000000000004', 'Дисконтная карта +++', 50)
INSERT INTO Акции ([Номер акции], Условие, [Акция(%)])
VALUES('00000000-0000-0000-0000-000000000005', 'Дисконтная карта Premium', 60)


INSERT INTO [Магазины(Склады)]([Номер склада], Адрес, Вместимость)
VALUES('00000000-0000-0000-0000-000000000001', 'г.Минск дом 53', 60)
INSERT INTO [Магазины(Склады)]([Номер склада], Адрес, Вместимость)
VALUES('00000000-0000-0000-0000-000000000002', 'г.Минск дом 52', 60)
INSERT INTO [Магазины(Склады)]([Номер склада], Адрес, Вместимость)
VALUES('00000000-0000-0000-0000-000000000003', 'г.Гродно дом 53', 120)
INSERT INTO [Магазины(Склады)]([Номер склада], Адрес, Вместимость)
VALUES('00000000-0000-0000-0000-000000000004', 'г.Брест дом 33', 800)

--employees of first shop
INSERT INTO Сотрудники([Номер сотрудника], [Номер склада], Должность, Зарплата, ФИО)
VALUES('00000000-0000-0000-0000-000000000001', '00000000-0000-0000-0000-000000000001', 'Директор', 800, 'Бугорт И.А.')

INSERT INTO Сотрудники([Номер сотрудника], [Номер склада], Должность, Зарплата, ФИО)
VALUES('00000000-0000-0000-0000-000000000002', '00000000-0000-0000-0000-000000000001', 'Грузчик', 400, 'Ар И.А.')

INSERT INTO Сотрудники([Номер сотрудника], [Номер склада], Должность, Зарплата, ФИО)
VALUES('00000000-0000-0000-0000-000000000003', '00000000-0000-0000-0000-000000000001', 'Менеджер', 600, 'Буг И.А.')

INSERT INTO Сотрудники([Номер сотрудника], [Номер склада], Должность, Зарплата, ФИО)
VALUES('00000000-0000-0000-0000-000000000004', '00000000-0000-0000-0000-000000000001', 'Кассир', 500, 'Зенов И.А.')

INSERT INTO Сотрудники([Номер сотрудника], [Номер склада], Должность, Зарплата, ФИО)
VALUES('00000000-0000-0000-0000-000000000005', '00000000-0000-0000-0000-000000000001', 'Консультант', 500, 'Артишевский И.А.')

--employees of second shop

INSERT INTO Сотрудники([Номер сотрудника], [Номер склада], Должность, Зарплата, ФИО)
VALUES('00000000-0000-0000-0000-000000000006', '00000000-0000-0000-0000-000000000002', 'Директор', 800, 'Лус И.А.')

INSERT INTO Сотрудники([Номер сотрудника], [Номер склада], Должность, Зарплата, ФИО)
VALUES('00000000-0000-0000-0000-000000000007', '00000000-0000-0000-0000-000000000002', 'Грузчик', 400, 'Копт И.А.')

INSERT INTO Сотрудники([Номер сотрудника], [Номер склада], Должность, Зарплата, ФИО)
VALUES('00000000-0000-0000-0000-000000000008', '00000000-0000-0000-0000-000000000002', 'Менеджер', 600, 'Лтих И.А.')

INSERT INTO Сотрудники([Номер сотрудника], [Номер склада], Должность, Зарплата, ФИО)
VALUES('00000000-0000-0000-0000-000000000009', '00000000-0000-0000-0000-000000000002', 'Кассир', 500, 'Цивоф И.А.')

INSERT INTO Сотрудники([Номер сотрудника], [Номер склада], Должность, Зарплата, ФИО)
VALUES('00000000-0000-0000-0000-00000000000A', '00000000-0000-0000-0000-000000000002', 'Консультант', 500, 'Тукоп И.А.')

--employees of 3rd shop
INSERT INTO Сотрудники([Номер сотрудника], [Номер склада], Должность, Зарплата, ФИО)
VALUES('00000000-0000-0000-0000-00000000000B', '00000000-0000-0000-0000-000000000003', 'Директор', 800, 'Лешач И.А.')

INSERT INTO Сотрудники([Номер сотрудника], [Номер склада], Должность, Зарплата, ФИО)
VALUES('00000000-0000-0000-0000-00000000000C', '00000000-0000-0000-0000-000000000003', 'Грузчик', 400, 'Копив И.А.')

INSERT INTO Сотрудники([Номер сотрудника], [Номер склада], Должность, Зарплата, ФИО)
VALUES('00000000-0000-0000-0000-00000000000D', '00000000-0000-0000-0000-000000000003', 'Менеджер', 600, 'Лтих И.А.')

INSERT INTO Сотрудники([Номер сотрудника], [Номер склада], Должность, Зарплата, ФИО)
VALUES('00000000-0000-0000-0000-00000000000E', '00000000-0000-0000-0000-000000000003', 'Кассир', 500, 'Цивоф И.А.')

INSERT INTO Сотрудники([Номер сотрудника], [Номер склада], Должность, Зарплата, ФИО)
VALUES('00000000-0000-0000-0000-00000000000F', '00000000-0000-0000-0000-000000000003', 'Консультант', 500, 'Тукоп И.А.')


--employees of 4th shop
INSERT INTO Сотрудники([Номер сотрудника], [Номер склада], Должность, Зарплата, ФИО)
VALUES('00000000-0000-0000-0000-000000000010', '00000000-0000-0000-0000-000000000004', 'Директор', 800, 'Лом И.А.')

INSERT INTO Сотрудники([Номер сотрудника], [Номер склада], Должность, Зарплата, ФИО)
VALUES('00000000-0000-0000-0000-000000000011', '00000000-0000-0000-0000-000000000004', 'Грузчик', 400, 'Китов И.А.')

INSERT INTO Сотрудники([Номер сотрудника], [Номер склада], Должность, Зарплата, ФИО)
VALUES('00000000-0000-0000-0000-000000000012', '00000000-0000-0000-0000-000000000004', 'Менеджер', 600, 'Лотов И.А.')

INSERT INTO Сотрудники([Номер сотрудника], [Номер склада], Должность, Зарплата, ФИО)
VALUES('00000000-0000-0000-0000-000000000013', '00000000-0000-0000-0000-000000000004', 'Кассир', 500, 'Цотов И.А.')

INSERT INTO Сотрудники([Номер сотрудника], [Номер склада], Должность, Зарплата, ФИО)
VALUES('00000000-0000-0000-0000-000000000014', '00000000-0000-0000-0000-000000000004', 'Консультант', 500, 'Типоп И.А.')


--Music types (popularity in count of usages)

INSERT INTO Жанры([Номер жанра], Наименование, Популярность)
VALUES('00000000-0000-0000-0000-000000000001', 'Панк-рок', 2000000)
INSERT INTO Жанры([Номер жанра], Наименование, Популярность)
VALUES('00000000-0000-0000-0000-000000000002', 'Дэс-метал', 1900000)
INSERT INTO Жанры([Номер жанра], Наименование, Популярность)
VALUES('00000000-0000-0000-0000-000000000003', 'Пауэр-метал', 1800000)
INSERT INTO Жанры([Номер жанра], Наименование, Популярность)
VALUES('00000000-0000-0000-0000-000000000004', 'Хеави-метал', 1950000)
INSERT INTO Жанры([Номер жанра], Наименование, Популярность)
VALUES('00000000-0000-0000-0000-000000000005', 'Инди-рок', 1300000)
INSERT INTO Жанры([Номер жанра], Наименование, Популярность)
VALUES('00000000-0000-0000-0000-000000000006', 'Хип-хоп', 1500000)
INSERT INTO Жанры([Номер жанра], Наименование, Популярность)
VALUES('00000000-0000-0000-0000-000000000007', 'Классика', 2500000)
INSERT INTO Жанры([Номер жанра], Наименование, Популярность)
VALUES('00000000-0000-0000-0000-000000000008', 'Фолк', 1950000)

--Customers

INSERT INTO Клиенты([Номер клиента], [Платежные реквизиты], ФИО)
VALUES('00000000-0000-0000-0000-000000000001', 'AWDafafefagsgs', 'Попов Ю.А.')
INSERT INTO Клиенты([Номер клиента], [Платежные реквизиты], ФИО)
VALUES('00000000-0000-0000-0000-000000000002', 'AWDafafefasrgsgsgsgs', 'По Ю.А.')
INSERT INTO Клиенты([Номер клиента], [Платежные реквизиты], ФИО)
VALUES('00000000-0000-0000-0000-000000000003', 'KLNGLSN', 'Повот Ю.А.')
INSERT INTO Клиенты([Номер клиента], [Платежные реквизиты], ФИО)
VALUES('00000000-0000-0000-0000-000000000004', 'HBRHJBHJRBRJGJ', 'Актом Ю.А.')
INSERT INTO Клиенты([Номер клиента], [Платежные реквизиты], ФИО)
VALUES('00000000-0000-0000-0000-000000000005', 'EBHJBGJEB', 'Кинтор Ю.А.')
INSERT INTO Клиенты([Номер клиента], [Платежные реквизиты], ФИО)
VALUES('00000000-0000-0000-0000-000000000006', 'VNDVMDMV', 'Чивот Ю.А.')
INSERT INTO Клиенты([Номер клиента], [Платежные реквизиты], ФИО)
VALUES('00000000-0000-0000-0000-000000000007', 'DNNKRGHGHB', 'Прот Ю.А.')
INSERT INTO Клиенты([Номер клиента], [Платежные реквизиты], ФИО)
VALUES('00000000-0000-0000-0000-000000000008', 'IOGLHKGJBGJ', 'Потон Ю.А.')
INSERT INTO Клиенты([Номер клиента], [Платежные реквизиты], ФИО)
VALUES('00000000-0000-0000-0000-000000000009', 'AWDafs', 'Потос Ю.А.')
INSERT INTO Клиенты([Номер клиента], [Платежные реквизиты], ФИО)
VALUES('00000000-0000-0000-0000-00000000000A', 'rgsgsgsgs', 'Пкашеч Ю.А.')
INSERT INTO Клиенты([Номер клиента], [Платежные реквизиты], ФИО)
VALUES('00000000-0000-0000-0000-00000000000B', 'jnfkjbfksbfsgs', 'Плок Ю.А.')
INSERT INTO Клиенты([Номер клиента], [Платежные реквизиты], ФИО)
VALUES('00000000-0000-0000-0000-00000000000C', 'EHRKGNDNNV', 'Потос Ю.А.')
INSERT INTO Клиенты([Номер клиента], [Платежные реквизиты], ФИО)
VALUES('00000000-0000-0000-0000-00000000000D', 'JKKJBVKSBJHB', 'Кифот Ю.А.')
INSERT INTO Клиенты([Номер клиента], [Платежные реквизиты], ФИО)
VALUES('00000000-0000-0000-0000-00000000000E', 'NBCMBZMCXBMZ', 'Карпов Ю.А.')
INSERT INTO Клиенты([Номер клиента], [Платежные реквизиты], ФИО)
VALUES('00000000-0000-0000-0000-00000000000F', 'QWEWQWEQEQ', 'Федотоф Ю.А.')

--Products

INSERT INTO Товары([Номер товара], [Номер жанра], Наименование, [Цена за еденицу])
VALUES('00000000-0000-0000-0000-000000000001', '00000000-0000-0000-0000-000000000001', 'Дочка вурдалака', 10)
INSERT INTO Товары([Номер товара], [Номер жанра], Наименование, [Цена за еденицу])
VALUES('00000000-0000-0000-0000-000000000002', '00000000-0000-0000-0000-000000000002', 'Eaten Back to Life', 11)
INSERT INTO Товары([Номер товара], [Номер жанра], Наименование, [Цена за еденицу])
VALUES('00000000-0000-0000-0000-000000000003', '00000000-0000-0000-0000-000000000003', 'Son of a wolf', 15)
INSERT INTO Товары([Номер товара], [Номер жанра], Наименование, [Цена за еденицу])
VALUES('00000000-0000-0000-0000-000000000004', '00000000-0000-0000-0000-000000000004', 'Universe on Fire', 12)
INSERT INTO Товары([Номер товара], [Номер жанра], Наименование, [Цена за еденицу])
VALUES('00000000-0000-0000-0000-000000000005', '00000000-0000-0000-0000-000000000005', 'The Fly', 11)
INSERT INTO Товары([Номер товара], [Номер жанра], Наименование, [Цена за еденицу])
VALUES('00000000-0000-0000-0000-000000000006', '00000000-0000-0000-0000-000000000006', 'Higher', 15)
INSERT INTO Товары([Номер товара], [Номер жанра], Наименование, [Цена за еденицу])
VALUES('00000000-0000-0000-0000-000000000007', '00000000-0000-0000-0000-000000000007', 'Турецкий марш', 18)
INSERT INTO Товары([Номер товара], [Номер жанра], Наименование, [Цена за еденицу])
VALUES('00000000-0000-0000-0000-000000000008', '00000000-0000-0000-0000-000000000008', 'Thor', 13)
INSERT INTO Товары([Номер товара], [Номер жанра], Наименование, [Цена за еденицу])
VALUES('00000000-0000-0000-0000-000000000009', '00000000-0000-0000-0000-000000000001', 'Кузнец', 20)
INSERT INTO Товары([Номер товара], [Номер жанра], Наименование, [Цена за еденицу])
VALUES('00000000-0000-0000-0000-00000000000A', '00000000-0000-0000-0000-000000000002', 'Death kiss', 17)
INSERT INTO Товары([Номер товара], [Номер жанра], Наименование, [Цена за еденицу])
VALUES('00000000-0000-0000-0000-00000000000B', '00000000-0000-0000-0000-000000000003', 'Rise of the chaos wizards', 25)
INSERT INTO Товары([Номер товара], [Номер жанра], Наименование, [Цена за еденицу])
VALUES('00000000-0000-0000-0000-00000000000C', '00000000-0000-0000-0000-000000000004', 'Kiss of the cobra king', 14)
INSERT INTO Товары([Номер товара], [Номер жанра], Наименование, [Цена за еденицу])
VALUES('00000000-0000-0000-0000-00000000000D', '00000000-0000-0000-0000-000000000005', 'kicks', 14)
INSERT INTO Товары([Номер товара], [Номер жанра], Наименование, [Цена за еденицу])
VALUES('00000000-0000-0000-0000-00000000000E', '00000000-0000-0000-0000-000000000006', 'Credible', 16)

--reciept
INSERT INTO Чек([Номер чека], [Номер сотрудника], [Номер клиента], [Номер товара])
VALUES('00000000-0000-0000-0000-000000000001', '00000000-0000-0000-0000-000000000001', '00000000-0000-0000-0000-000000000001', '00000000-0000-0000-0000-000000000005')
INSERT INTO Чек([Номер чека], [Номер сотрудника], [Номер клиента], [Номер товара])
VALUES('00000000-0000-0000-0000-000000000002', '00000000-0000-0000-0000-000000000002', '00000000-0000-0000-0000-000000000002', '00000000-0000-0000-0000-000000000002')
INSERT INTO Чек([Номер чека], [Номер сотрудника], [Номер клиента], [Номер товара])
VALUES('00000000-0000-0000-0000-000000000003', '00000000-0000-0000-0000-000000000003', '00000000-0000-0000-0000-000000000005', '00000000-0000-0000-0000-000000000006')
INSERT INTO Чек([Номер чека], [Номер сотрудника], [Номер клиента], [Номер товара])
VALUES('00000000-0000-0000-0000-000000000004', '00000000-0000-0000-0000-000000000004', '00000000-0000-0000-0000-000000000003', '00000000-0000-0000-0000-000000000008')
INSERT INTO Чек([Номер чека], [Номер сотрудника], [Номер клиента], [Номер товара])
VALUES('00000000-0000-0000-0000-000000000005', '00000000-0000-0000-0000-000000000005', '00000000-0000-0000-0000-000000000007', '00000000-0000-0000-0000-000000000001')
INSERT INTO Чек([Номер чека], [Номер сотрудника], [Номер клиента], [Номер товара])
VALUES('00000000-0000-0000-0000-000000000006', '00000000-0000-0000-0000-000000000006', '00000000-0000-0000-0000-000000000004', '00000000-0000-0000-0000-000000000002')
INSERT INTO Чек([Номер чека], [Номер сотрудника], [Номер клиента], [Номер товара])
VALUES('00000000-0000-0000-0000-000000000007', '00000000-0000-0000-0000-000000000007', '00000000-0000-0000-0000-000000000003', '00000000-0000-0000-0000-00000000000A')
INSERT INTO Чек([Номер чека], [Номер сотрудника], [Номер клиента], [Номер товара])
VALUES('00000000-0000-0000-0000-000000000008', '00000000-0000-0000-0000-000000000008', '00000000-0000-0000-0000-000000000007', '00000000-0000-0000-0000-00000000000E')
INSERT INTO Чек([Номер чека], [Номер сотрудника], [Номер клиента], [Номер товара])
VALUES('00000000-0000-0000-0000-000000000009', '00000000-0000-0000-0000-000000000009', '00000000-0000-0000-0000-00000000000B', '00000000-0000-0000-0000-000000000003')
INSERT INTO Чек([Номер чека], [Номер сотрудника], [Номер клиента], [Номер товара])
VALUES('00000000-0000-0000-0000-00000000000A', '00000000-0000-0000-0000-00000000000A', '00000000-0000-0000-0000-00000000000A', '00000000-0000-0000-0000-000000000007')
INSERT INTO Чек([Номер чека], [Номер сотрудника], [Номер клиента], [Номер товара])
VALUES('00000000-0000-0000-0000-00000000000B', '00000000-0000-0000-0000-00000000000B', '00000000-0000-0000-0000-000000000006', '00000000-0000-0000-0000-000000000002')
INSERT INTO Чек([Номер чека], [Номер сотрудника], [Номер клиента], [Номер товара])
VALUES('00000000-0000-0000-0000-00000000000C', '00000000-0000-0000-0000-00000000000C', '00000000-0000-0000-0000-000000000006', '00000000-0000-0000-0000-00000000000B')
INSERT INTO Чек([Номер чека], [Номер сотрудника], [Номер клиента], [Номер товара])
VALUES('00000000-0000-0000-0000-00000000000D', '00000000-0000-0000-0000-00000000000D', '00000000-0000-0000-0000-000000000009', '00000000-0000-0000-0000-00000000000B')
INSERT INTO Чек([Номер чека], [Номер сотрудника], [Номер клиента], [Номер товара])
VALUES('00000000-0000-0000-0000-00000000000E', '00000000-0000-0000-0000-00000000000E', '00000000-0000-0000-0000-00000000000E', '00000000-0000-0000-0000-00000000000E')
INSERT INTO Чек([Номер чека], [Номер сотрудника], [Номер клиента], [Номер товара])
VALUES('00000000-0000-0000-0000-00000000000F', '00000000-0000-0000-0000-00000000000F', '00000000-0000-0000-0000-00000000000E', '00000000-0000-0000-0000-000000000001')
INSERT INTO Чек([Номер чека], [Номер сотрудника], [Номер клиента], [Номер товара])
VALUES('00000000-0000-0000-0000-000000000010', '00000000-0000-0000-0000-000000000010', '00000000-0000-0000-0000-000000000001', '00000000-0000-0000-0000-000000000001')
INSERT INTO Чек([Номер чека], [Номер сотрудника], [Номер клиента], [Номер товара])
VALUES('00000000-0000-0000-0000-000000000011', '00000000-0000-0000-0000-000000000011', '00000000-0000-0000-0000-000000000008', '00000000-0000-0000-0000-000000000006')
INSERT INTO Чек([Номер чека], [Номер сотрудника], [Номер клиента], [Номер товара])
VALUES('00000000-0000-0000-0000-000000000012', '00000000-0000-0000-0000-000000000012', '00000000-0000-0000-0000-00000000000C', '00000000-0000-0000-0000-000000000003')
INSERT INTO Чек([Номер чека], [Номер сотрудника], [Номер клиента], [Номер товара])
VALUES('00000000-0000-0000-0000-000000000013', '00000000-0000-0000-0000-000000000013', '00000000-0000-0000-0000-00000000000E', '00000000-0000-0000-0000-000000000004')
INSERT INTO Чек([Номер чека], [Номер сотрудника], [Номер клиента], [Номер товара])
VALUES('00000000-0000-0000-0000-000000000014', '00000000-0000-0000-0000-000000000014', '00000000-0000-0000-0000-000000000002', '00000000-0000-0000-0000-000000000009')
INSERT INTO Чек([Номер чека], [Номер сотрудника], [Номер клиента], [Номер товара])
VALUES('00000000-0000-0000-0000-000000000015', '00000000-0000-0000-0000-000000000014', '00000000-0000-0000-0000-000000000003', '00000000-0000-0000-0000-000000000001')

--Discounts + products

INSERT INTO [Акции-Товары]([Номер товара],[Номер акции])
VALUES('00000000-0000-0000-0000-000000000001', '00000000-0000-0000-0000-000000000001')
INSERT INTO [Акции-Товары]([Номер товара],[Номер акции])
VALUES('00000000-0000-0000-0000-000000000002', '00000000-0000-0000-0000-000000000002')
INSERT INTO [Акции-Товары]([Номер товара],[Номер акции])
VALUES('00000000-0000-0000-0000-000000000003', '00000000-0000-0000-0000-000000000003')
INSERT INTO [Акции-Товары]([Номер товара],[Номер акции])
VALUES('00000000-0000-0000-0000-000000000004', '00000000-0000-0000-0000-000000000004')
INSERT INTO [Акции-Товары]([Номер товара],[Номер акции])
VALUES('00000000-0000-0000-0000-000000000005', '00000000-0000-0000-0000-000000000001')
INSERT INTO [Акции-Товары]([Номер товара],[Номер акции])
VALUES('00000000-0000-0000-0000-000000000006', '00000000-0000-0000-0000-000000000002')
INSERT INTO [Акции-Товары]([Номер товара],[Номер акции])
VALUES('00000000-0000-0000-0000-000000000007', '00000000-0000-0000-0000-000000000003')
INSERT INTO [Акции-Товары]([Номер товара],[Номер акции])
VALUES('00000000-0000-0000-0000-000000000008', '00000000-0000-0000-0000-000000000004')
INSERT INTO [Акции-Товары]([Номер товара],[Номер акции])
VALUES('00000000-0000-0000-0000-000000000009', '00000000-0000-0000-0000-000000000005')
INSERT INTO [Акции-Товары]([Номер товара],[Номер акции])
VALUES('00000000-0000-0000-0000-00000000000A', '00000000-0000-0000-0000-000000000002')
INSERT INTO [Акции-Товары]([Номер товара],[Номер акции])
VALUES('00000000-0000-0000-0000-00000000000B', '00000000-0000-0000-0000-000000000003')
INSERT INTO [Акции-Товары]([Номер товара],[Номер акции])
VALUES('00000000-0000-0000-0000-00000000000C', '00000000-0000-0000-0000-000000000001')
INSERT INTO [Акции-Товары]([Номер товара],[Номер акции])
VALUES('00000000-0000-0000-0000-00000000000D', '00000000-0000-0000-0000-000000000004')


--Shops + Products

INSERT INTO [Склады-Товары]([Номер склада], [Номер товара], Колличество, Забронировано)
VALUES('00000000-0000-0000-0000-000000000001', '00000000-0000-0000-0000-000000000001', 5, 3)
INSERT INTO [Склады-Товары]([Номер склада], [Номер товара], Колличество, Забронировано)
VALUES('00000000-0000-0000-0000-000000000002', '00000000-0000-0000-0000-000000000002', 6, 3)
INSERT INTO [Склады-Товары]([Номер склада], [Номер товара], Колличество, Забронировано)
VALUES('00000000-0000-0000-0000-000000000003', '00000000-0000-0000-0000-000000000003', 4, 4)
INSERT INTO [Склады-Товары]([Номер склада], [Номер товара], Колличество, Забронировано)
VALUES('00000000-0000-0000-0000-000000000004', '00000000-0000-0000-0000-00000000000E', 0, 0)
INSERT INTO [Склады-Товары]([Номер склада], [Номер товара], Колличество, Забронировано)
VALUES('00000000-0000-0000-0000-000000000001', '00000000-0000-0000-0000-000000000004', 7, 3)
INSERT INTO [Склады-Товары]([Номер склада], [Номер товара], Колличество, Забронировано)
VALUES('00000000-0000-0000-0000-000000000002', '00000000-0000-0000-0000-000000000005', 2, 2)
INSERT INTO [Склады-Товары]([Номер склада], [Номер товара], Колличество, Забронировано)
VALUES('00000000-0000-0000-0000-000000000003', '00000000-0000-0000-0000-00000000000D', 0, 0)
INSERT INTO [Склады-Товары]([Номер склада], [Номер товара], Колличество, Забронировано)
VALUES('00000000-0000-0000-0000-000000000004', '00000000-0000-0000-0000-000000000006', 40, 15)
INSERT INTO [Склады-Товары]([Номер склада], [Номер товара], Колличество, Забронировано)
VALUES('00000000-0000-0000-0000-000000000001', '00000000-0000-0000-0000-00000000000E', 0, 0)
INSERT INTO [Склады-Товары]([Номер склада], [Номер товара], Колличество, Забронировано)
VALUES('00000000-0000-0000-0000-000000000002', '00000000-0000-0000-0000-000000000007', 10, 5)
INSERT INTO [Склады-Товары]([Номер склада], [Номер товара], Колличество, Забронировано)
VALUES('00000000-0000-0000-0000-000000000003', '00000000-0000-0000-0000-000000000008', 5, 3)
INSERT INTO [Склады-Товары]([Номер склада], [Номер товара], Колличество, Забронировано)
VALUES('00000000-0000-0000-0000-000000000004', '00000000-0000-0000-0000-000000000009', 80, 20)
INSERT INTO [Склады-Товары]([Номер склада], [Номер товара], Колличество, Забронировано)
VALUES('00000000-0000-0000-0000-000000000001', '00000000-0000-0000-0000-00000000000A', 5, 3)
INSERT INTO [Склады-Товары]([Номер склада], [Номер товара], Колличество, Забронировано)
VALUES('00000000-0000-0000-0000-000000000002', '00000000-0000-0000-0000-00000000000B', 5, 3)
INSERT INTO [Склады-Товары]([Номер склада], [Номер товара], Колличество, Забронировано)
VALUES('00000000-0000-0000-0000-000000000003', '00000000-0000-0000-0000-00000000000C', 5, 3)
INSERT INTO [Склады-Товары]([Номер склада], [Номер товара], Колличество, Забронировано)
VALUES('00000000-0000-0000-0000-000000000004', '00000000-0000-0000-0000-000000000003', 50, 15)
INSERT INTO [Склады-Товары]([Номер склада], [Номер товара], Колличество, Забронировано)
VALUES('00000000-0000-0000-0000-000000000002', '00000000-0000-0000-0000-000000000001', 5, 3)
INSERT INTO [Склады-Товары]([Номер склада], [Номер товара], Колличество, Забронировано)
VALUES('00000000-0000-0000-0000-000000000003', '00000000-0000-0000-0000-000000000002', 5, 3)
INSERT INTO [Склады-Товары]([Номер склада], [Номер товара], Колличество, Забронировано)
VALUES('00000000-0000-0000-0000-000000000004', '00000000-0000-0000-0000-000000000002', 30, 8)





DROP TABLE Чек